,Active Rentals,Loan Availability,Capital Efficiency,Landlord Income
Traditional,24.43801652892562,0.0,0.0,371.6127859216655
Proposed,18.66115702479339,4.2727272727272725,0.033062820661217296,257.2981228944647
